Row Labels,Sum of SE
0.00000000983709-0.00100000983709,4.83050848
0.00100000983709-0.00200000983709,10.60204487
0.00200000983709-0.00300000983709,14.74757392
0.00300000983709-0.00400000983709,18.94407997
0.00400000983709-0.00500000983709,22.27754282
0.00500000983709-0.00600000983709,25.15617169
0.00600000983709-0.00700000983709,33.63055413
0.00700000983709-0.00800000983709,39.47490421
0.00800000983709-0.00900000983709,45.17179926
0.00900000983709-0.01000000983709,48.10169642
0.01000000983709-0.01100000983709,49.4028951
0.01100000983709-0.01200000983709,50.3583371
0.01200000983709-0.01300000983709,52.4019259
0.01300000983709-0.01400000983709,53.7276596
0.01400000983709-0.01500000983709,56.7334912
0.01500000983709-0.01600000983709,58.0734179
0.01600000983709-0.01700000983709,57.2194712
0.01700000983709-0.01800000983709,62.1431488
0.01800000983709-0.01900000983709,60.7239756
0.01900000983709-0.02000000983709,63.0883747
0.02000000983709-0.02100000983709,65.5671344
0.02100000983709-0.02200000983709,68.1334211
0.02200000983709-0.02300000983709,69.2083466
0.02300000983709-0.02400000983709,72.8607021
0.02400000983709-0.02500000983709,75.9828334
0.02500000983709-0.02600000983709,80.0766639
0.02600000983709-0.02700000983709,82.5839888
0.02700000983709-0.02800000983709,82.200862
0.02800000983709-0.02900000983709,82.1212057
0.02900000983709-0.03000000983709,88.3796978
0.03000000983709-0.03100000983709,99.3650284
0.03100000983709-0.03200000983709,94.3057545
0.03200000983709-0.03300000983709,92.7774841
0.03300000983709-0.03400000983709,94.8928571
0.03400000983709-0.03500000983709,94.7969841
0.03500000983709-0.03600000983709,96.6189324
0.03600000983709-0.03700000983709,101.0113438
0.03700000983709-0.03800000983709,115.7574844
0.03800000983709-0.03900000983709,122.8057695
0.03900000983709-0.04000000983709,129.4139215
0.04000000983709-0.04100000983709,124.988648
0.04100000983709-0.04200000983709,135.0274573
0.04200000983709-0.04300000983709,134.1782376
0.04300000983709-0.04400000983709,140.2355303
0.04400000983709-0.04500000983709,142.2495674
0.04500000983709-0.04600000983709,154.0786593
0.04600000983709-0.04700000983709,158.2110249
0.04700000983709-0.04800000983709,166.1299957
0.04800000983709-0.04900000983709,167.0758475
0.04900000983709-0.05000000983709,173.7143216
0.05000000983709-0.05100000983709,190.8409945
0.05100000983709-0.05200000983709,201.8370917
0.05200000983709-0.05300000983709,206.4742188
0.05300000983709-0.05400000983709,207.740779
0.05400000983709-0.05500000983709,204.5151482
0.05500000983709-0.05600000983709,206.9542915
0.05600000983709-0.05700000983709,210.8782253
0.05700000983709-0.05800000983709,205.1766541
0.05800000983709-0.05900000983709,207.6073671
0.05900000983709-0.06000000983709,215.5603931
0.06000000983709-0.06100000983709,215.0569768
0.06100000983709-0.06200000983709,212.8976595
0.06200000983709-0.06300000983709,215.6756021
0.06300000983709-0.06400000983709,211.3166552
0.06400000983709-0.06500000983709,215.8329549
0.06500000983709-0.06600000983709,205.9182038
0.06600000983709-0.06700000983709,204.2385745
0.06700000983709-0.06800000983709,202.6227872
0.06800000983709-0.06900000983709,213.9336725
0.06900000983709-0.07000000983709,213.6618893
0.07000000983709-0.07100000983709,210.9275906
0.07100000983709-0.07200000983709,205.2634691
0.07200000983709-0.07300000983709,214.2871141
0.07300000983709-0.07400000983709,207.9725083
0.07400000983709-0.07500000983709,199.0721394
0.07500000983709-0.07600000983709,200.2924274
0.07600000983709-0.07700000983709,190.4076704
0.07700000983709-0.07800000983709,187.634427
0.07800000983709-0.07900000983709,188.9488764
0.07900000983709-0.08000000983709,187.6346956
0.08000000983709-0.08100000983709,205.3603643
0.08100000983709-0.08200000983709,199.4933659
0.08200000983709-0.08300000983709,212.4148586
0.08300000983709-0.08400000983709,213.7374336
0.08400000983709-0.08500000983709,217.0693846
0.08500000983709-0.08600000983709,205.59964
0.08600000983709-0.08700000983709,204.1578287
0.08700000983709-0.08800000983709,204.7669834
0.08800000983709-0.08900000983709,215.31269
0.08900000983709-0.09000000983709,207.6498304
0.09000000983709-0.09100000983709,222.3698945
0.09100000983709-0.09200000983709,222.2402211
0.09200000983709-0.09300000983709,225.2278837
0.09300000983709-0.09400000983709,208.7614017
0.09400000983709-0.09500000983709,195.989255
0.09500000983709-0.09600000983709,192.2293879
0.09600000983709-0.09700000983709,195.5891054
0.09700000983709-0.09800000983709,199.2831825
0.09800000983709-0.09900000983709,188.9194817
0.09900000983709-0.10000000983709,192.3357023
0.10000000983709-0.10100000983709,193.464355
0.10100000983709-0.10200000983709,203.549561
0.10200000983709-0.10300000983709,210.118701
0.10300000983709-0.10400000983709,223.049229
0.10400000983709-0.10500000983709,216.207463
0.10500000983709-0.10600000983709,210.252783
0.10600000983709-0.10700000983709,194.352326
0.10700000983709-0.10800000983709,179.518923
0.10800000983709-0.10900000983709,174.254013
0.10900000983709-0.11000000983709,163.928778
0.11000000983709-0.11100000983709,160.679036
0.11100000983709-0.11200000983709,163.134639
0.11200000983709-0.11300000983709,164.361195
0.11300000983709-0.11400000983709,158.662448
0.11400000983709-0.11500000983709,154.331403
0.11500000983709-0.11600000983709,160.313645
0.11600000983709-0.11700000983709,151.682976
0.11700000983709-0.11800000983709,154.038582
0.11800000983709-0.11900000983709,141.025262
0.11900000983709-0.12000000983709,129.766279
0.12000000983709-0.12100000983709,131.230649
0.12100000983709-0.12200000983709,129.629752
0.12200000983709-0.12300000983709,131.433339
0.12300000983709-0.12400000983709,128.685172
0.12400000983709-0.12500000983709,126.752419
0.12500000983709-0.12600000983709,124.47631
0.12600000983709-0.12700000983709,117.631658
0.12700000983709-0.12800000983709,117.551433
0.12800000983709-0.12900000983709,119.634271
0.12900000983709-0.13000000983709,113.818445
0.13000000983709-0.13100000983709,105.440974
0.13100000983709-0.13200000983709,97.318375
0.13200000983709-0.13300000983709,102.424143
0.13300000983709-0.13400000983709,103.339175
0.13400000983709-0.13500000983709,103.958561
0.13500000983709-0.13600000983709,98.234852
0.13600000983709-0.13700000983709,98.412723
0.13700000983709-0.13800000983709,100.77505
0.13800000983709-0.13900000983709,102.201269
0.13900000983709-0.14000000983709,105.316271
0.14000000983709-0.14100000983709,105.382352
0.14100000983709-0.14200000983709,104.709661
0.14200000983709-0.14300000983709,109.575126
0.14300000983709-0.14400000983709,104.610802
0.14400000983709-0.14500000983709,105.62456
0.14500000983709-0.14600000983709,104.7539
0.14600000983709-0.14700000983709,106.505657
0.14700000983709-0.14800000983709,105.302018
0.14800000983709-0.14900000983709,104.992334
0.14900000983709-0.15000000983709,101.958859
0.15000000983709-0.15100000983709,103.255227
0.15100000983709-0.15200000983709,99.843793
0.15200000983709-0.15300000983709,106.289443
0.15300000983709-0.15400000983709,104.523651
0.15400000983709-0.15500000983709,94.547045
0.15500000983709-0.15600000983709,106.051531
0.15600000983709-0.15700000983709,104.390517
0.15700000983709-0.15800000983709,98.746682
0.15800000983709-0.15900000983709,104.767226
0.15900000983709-0.16000000983709,96.018458
0.16000000983709-0.16100000983709,100.653931
0.16100000983709-0.16200000983709,102.069141
0.16200000983709-0.16300000983709,90.665983
0.16300000983709-0.16400000983709,97.78219
0.16400000983709-0.16500000983709,94.585695
0.16500000983709-0.16600000983709,95.487552
0.16600000983709-0.16700000983709,95.740372
0.16700000983709-0.16800000983709,88.945398
0.16800000983709-0.16900000983709,92.347883
0.16900000983709-0.17000000983709,95.943833
0.17000000983709-0.17100000983709,92.426262
0.17100000983709-0.17200000983709,94.498939
0.17200000983709-0.17300000983709,95.383241
0.17300000983709-0.17400000983709,98.370378
0.17400000983709-0.17500000983709,101.041843
0.17500000983709-0.17600000983709,100.046045
0.17600000983709-0.17700000983709,99.190734
0.17700000983709-0.17800000983709,98.330115
0.17800000983709-0.17900000983709,100.136529
0.17900000983709-0.18000000983709,89.568493
0.18000000983709-0.18100000983709,99.459223
0.18100000983709-0.18200000983709,89.472842
0.18200000983709-0.18300000983709,90.506034
0.18300000983709-0.18400000983709,87.162712
0.18400000983709-0.18500000983709,80.437043
0.18500000983709-0.18600000983709,90.71219
0.18600000983709-0.18700000983709,85.424947
0.18700000983709-0.18800000983709,82.694663
0.18800000983709-0.18900000983709,81.629751
0.18900000983709-0.19000000983709,85.466523
0.19000000983709-0.19100000983709,87.43235
0.19100000983709-0.19200000983709,84.842332
0.19200000983709-0.19300000983709,77.18979
0.19300000983709-0.19400000983709,77.588796
0.19400000983709-0.19500000983709,80.707302
0.19500000983709-0.19600000983709,83.085658
0.19600000983709-0.19700000983709,78.803174
0.19700000983709-0.19800000983709,77.022339
0.19800000983709-0.19900000983709,70.669109
0.19900000983709-0.20000000983709,84.59004
0.20000000983709-0.20100000983709,72.380129
0.20100000983709-0.20200000983709,67.502139
0.20200000983709-0.20300000983709,74.925502
0.20300000983709-0.20400000983709,75.912161
0.20400000983709-0.20500000983709,68.722372
0.20500000983709-0.20600000983709,70.081953
0.20600000983709-0.20700000983709,75.371912
0.20700000983709-0.20800000983709,74.916796
0.20800000983709-0.20900000983709,78.193521
0.20900000983709-0.21000000983709,71.0239
0.21000000983709-0.21100000983709,77.464347
0.21100000983709-0.21200000983709,73.597531
0.21200000983709-0.21300000983709,73.946666
0.21300000983709-0.21400000983709,70.889018
0.21400000983709-0.21500000983709,69.924396
0.21500000983709-0.21600000983709,73.698026
0.21600000983709-0.21700000983709,72.107037
0.21700000983709-0.21800000983709,65.906287
0.21800000983709-0.21900000983709,68.385056
0.21900000983709-0.22000000983709,66.515778
0.22000000983709-0.22100000983709,67.249817
0.22100000983709-0.22200000983709,65.557748
0.22200000983709-0.22300000983709,67.871422
0.22300000983709-0.22400000983709,69.288432
0.22400000983709-0.22500000983709,61.962364
0.22500000983709-0.22600000983709,69.676988
0.22600000983709-0.22700000983709,72.935682
0.22700000983709-0.22800000983709,58.695537
0.22800000983709-0.22900000983709,63.06659
0.22900000983709-0.23000000983709,69.310688
0.23000000983709-0.23100000983709,62.702434
0.23100000983709-0.23200000983709,64.816121
0.23200000983709-0.23300000983709,61.381618
0.23300000983709-0.23400000983709,64.217544
0.23400000983709-0.23500000983709,62.374719
0.23500000983709-0.23600000983709,70.400587
0.23600000983709-0.23700000983709,64.324092
0.23700000983709-0.23800000983709,68.410342
0.23800000983709-0.23900000983709,62.477972
0.23900000983709-0.24000000983709,59.636505
0.24000000983709-0.24100000983709,67.091546
0.24100000983709-0.24200000983709,66.410675
0.24200000983709-0.24300000983709,67.658684
0.24300000983709-0.24400000983709,64.043704
0.24400000983709-0.24500000983709,73.595371
0.24500000983709-0.24600000983709,66.530234
0.24600000983709-0.24700000983709,59.638563
0.24700000983709-0.24800000983709,60.142242
0.24800000983709-0.24900000983709,56.657275
0.24900000983709-0.25000000983709,65.622639
0.25000000983709-0.25100000983709,62.372097
0.25100000983709-0.25200000983709,60.606229
0.25200000983709-0.25300000983709,60.345693
0.25300000983709-0.25400000983709,59.818986
0.25400000983709-0.25500000983709,60.821248
0.25500000983709-0.25600000983709,61.827404
0.25600000983709-0.25700000983709,63.617387
0.25700000983709-0.25800000983709,53.818547
0.25800000983709-0.25900000983709,58.67931
0.25900000983709-0.26000000983709,57.60862
0.26000000983709-0.26100000983709,52.61686
0.26100000983709-0.26200000983709,52.822152
0.26200000983709-0.26300000983709,58.534602
0.26300000983709-0.26400000983709,47.166699
0.26400000983709-0.26500000983709,49.461408
0.26500000983709-0.26600000983709,45.923524
0.26600000983709-0.26700000983709,49.309281
0.26700000983709-0.26800000983709,50.292098
0.26800000983709-0.26900000983709,53.970788
0.26900000983709-0.27000000983709,48.240142
0.27000000983709-0.27100000983709,57.338689
0.27100000983709-0.27200000983709,44.523379
0.27200000983709-0.27300000983709,48.777773
0.27300000983709-0.27400000983709,50.324295
0.27400000983709-0.27500000983709,52.432087
0.27500000983709-0.27600000983709,52.625599
0.27600000983709-0.27700000983709,47.284026
0.27700000983709-0.27800000983709,49.11847
0.27800000983709-0.27900000983709,49.013856
0.27900000983709-0.28000000983709,48.351572
0.28000000983709-0.28100000983709,48.523315
0.28100000983709-0.28200000983709,48.132033
0.28200000983709-0.28300000983709,46.898195
0.28300000983709-0.28400000983709,44.7971
0.28400000983709-0.28500000983709,52.069724
0.28500000983709-0.28600000983709,53.965172
0.28600000983709-0.28700000983709,46.699472
0.28700000983709-0.28800000983709,48.294778
0.28800000983709-0.28900000983709,48.467481
0.28900000983709-0.29000000983709,49.794068
0.29000000983709-0.29100000983709,47.062039
0.29100000983709-0.29200000983709,48.10817
0.29200000983709-0.29300000983709,43.870925
0.29300000983709-0.29400000983709,49.603366
0.29400000983709-0.29500000983709,48.300863
0.29500000983709-0.29600000983709,45.20774
0.29600000983709-0.29700000983709,45.064651
0.29700000983709-0.29800000983709,47.893377
0.29800000983709-0.29900000983709,43.279661
0.29900000983709-0.30000000983709,44.629618
0.30000000983709-0.30100000983709,54.390138
0.30100000983709-0.30200000983709,46.130773
0.30200000983709-0.30300000983709,44.161236
0.30300000983709-0.30400000983709,47.647695
0.30400000983709-0.30500000983709,49.633562
0.30500000983709-0.30600000983709,50.709868
0.30600000983709-0.30700000983709,44.131319
0.30700000983709-0.30800000983709,47.658268
0.30800000983709-0.30900000983709,41.956536
0.30900000983709-0.31000000983709,48.895248
0.31000000983709-0.31100000983709,45.642111
0.31100000983709-0.31200000983709,40.813162
0.31200000983709-0.31300000983709,46.2482
0.31300000983709-0.31400000983709,43.891092
0.31400000983709-0.31500000983709,40.885714
0.31500000983709-0.31600000983709,42.59001
0.31600000983709-0.31700000983709,41.775726
0.31700000983709-0.31800000983709,40.958518
0.31800000983709-0.31900000983709,45.229479
0.31900000983709-0.32000000983709,47.608016
0.32000000983709-0.32100000983709,44.230418
0.32100000983709-0.32200000983709,44.364835
0.32200000983709-0.32300000983709,50.633985
0.32300000983709-0.32400000983709,39.79161
0.32400000983709-0.32500000983709,38.9352
0.32500000983709-0.32600000983709,37.437176
0.32600000983709-0.32700000983709,41.787601
0.32700000983709-0.32800000983709,44.537038
0.32800000983709-0.32900000983709,44.346161
0.32900000983709-0.33000000983709,43.490666
0.33000000983709-0.33100000983709,40.319285
0.33100000983709-0.33200000983709,40.115531
0.33200000983709-0.33300000983709,44.221508
0.33300000983709-0.33400000983709,40.692758
0.33400000983709-0.33500000983709,48.172654
0.33500000983709-0.33600000983709,44.960116
0.33600000983709-0.33700000983709,39.709496
0.33700000983709-0.33800000983709,43.874371
0.33800000983709-0.33900000983709,47.728929
0.33900000983709-0.34000000983709,42.781049
0.34000000983709-0.34100000983709,44.603802
0.34100000983709-0.34200000983709,37.570079
0.34200000983709-0.34300000983709,43.159543
0.34300000983709-0.34400000983709,36.756176
0.34400000983709-0.34500000983709,39.961943
0.34500000983709-0.34600000983709,43.187024
0.34600000983709-0.34700000983709,35.344008
0.34700000983709-0.34800000983709,44.82932
0.34800000983709-0.34900000983709,41.470736
0.34900000983709-0.35000000983709,44.030501
0.35000000983709-0.35100000983709,40.312293
0.35100000983709-0.35200000983709,45.698908
0.35200000983709-0.35300000983709,37.715881
0.35300000983709-0.35400000983709,36.763293
0.35400000983709-0.35500000983709,47.505192
0.35500000983709-0.35600000983709,41.945523
0.35600000983709-0.35700000983709,40.998086
0.35700000983709-0.35800000983709,46.473169
0.35800000983709-0.35900000983709,32.977423
0.35900000983709-0.36000000983709,44.577177
0.36000000983709-0.36100000983709,37.13227
0.36100000983709-0.36200000983709,39.043644
0.36200000983709-0.36300000983709,34.799569
0.36300000983709-0.36400000983709,39.622039
0.36400000983709-0.36500000983709,43.743511
0.36500000983709-0.36600000983709,36.182304
0.36600000983709-0.36700000983709,42.143887
0.36700000983709-0.36800000983709,35.647779
0.36800000983709-0.36900000983709,40.168089
0.36900000983709-0.37000000983709,39.903807
0.37000000983709-0.37100000983709,37.424444
0.37100000983709-0.37200000983709,39.378937
0.37200000983709-0.37300000983709,37.249413
0.37300000983709-0.37400000983709,38.466928
0.37400000983709-0.37500000983709,40.442448
0.37500000983709-0.37600000983709,38.302132
0.37600000983709-0.37700000983709,38.402321
0.37700000983709-0.37800000983709,41.899533
0.37800000983709-0.37900000983709,35.194646
0.37900000983709-0.38000000983709,29.597227
0.38000000983709-0.38100000983709,33.097685
0.38100000983709-0.38200000983709,32.045664
0.38200000983709-0.38300000983709,32.889275
0.38300000983709-0.38400000983709,40.267956
0.38400000983709-0.38500000983709,33.834234
0.38500000983709-0.38600000983709,32.383441
0.38600000983709-0.38700000983709,38.265212
0.38700000983709-0.38800000983709,35.264318
0.38800000983709-0.38900000983709,33.025831
0.38900000983709-0.39000000983709,39.730974
0.39000000983709-0.39100000983709,37.101863
0.39100000983709-0.39200000983709,35.236571
0.39200000983709-0.39300000983709,44.350178
0.39300000983709-0.39400000983709,35.415292
0.39400000983709-0.39500000983709,31.95904
0.39500000983709-0.39600000983709,34.407049
0.39600000983709-0.39700000983709,36.478218
0.39700000983709-0.39800000983709,34.189441
0.39800000983709-0.39900000983709,29.489236
0.39900000983709-0.40000000983709,34.756112
0.40000000983709-0.40100000983709,34.843716
0.40100000983709-0.40200000983709,35.727605
0.40200000983709-0.40300000983709,36.630114
0.40300000983709-0.40400000983709,34.699086
0.40400000983709-0.40500000983709,32.764508
0.40500000983709-0.40600000983709,42.57544
0.40600000983709-0.40700000983709,36.182423
0.40700000983709-0.40800000983709,36.271962
0.40800000983709-0.40900000983709,32.680054
0.40900000983709-0.41000000983709,34.807381
0.41000000983709-0.41100000983709,27.092357
0.41100000983709-0.41200000983709,34.565471
0.41200000983709-0.41300000983709,28.049539
0.41300000983709-0.41400000983709,26.049124
0.41400000983709-0.41500000983709,34.403769
0.41500000983709-0.41600000983709,34.904797
0.41600000983709-0.41700000983709,32.069303
0.41700000983709-0.41800000983709,35.07133
0.41800000983709-0.41900000983709,33.486546
0.41900000983709-0.42000000983709,32.296184
0.42000000983709-0.42100000983709,28.594217
0.42100000983709-0.42200000983709,29.929611
0.42200000983709-0.42300000983709,27.463266
0.42300000983709-0.42400000983709,35.577933
0.42400000983709-0.42500000983709,30.564525
0.42500000983709-0.42600000983709,28.507505
0.42600000983709-0.42700000983709,27.29752
0.42700000983709-0.42800000983709,30.782916
0.42800000983709-0.42900000983709,35.135675
0.42900000983709-0.43000000983709,31.354021
0.43000000983709-0.43100000983709,26.255295
0.43100000983709-0.43200000983709,26.321405
0.43200000983709-0.43300000983709,32.002759
0.43300000983709-0.43400000983709,28.178643
0.43400000983709-0.43500000983709,30.411436
0.43500000983709-0.43600000983709,28.307987
0.43600000983709-0.43700000983709,28.372581
0.43700000983709-0.43800000983709,34.126228
0.43800000983709-0.43900000983709,28.502972
0.43900000983709-0.44000000983709,29.448358
0.44000000983709-0.44100000983709,28.193129
0.44100000983709-0.44200000983709,31.345284
0.44200000983709-0.44300000983709,30.535263
0.44300000983709-0.44400000983709,36.369282
0.44400000983709-0.44500000983709,24.894381
0.44500000983709-0.44600000983709,21.380406
0.44600000983709-0.44700000983709,27.235795
0.44700000983709-0.44800000983709,24.615555
0.44800000983709-0.44900000983709,25.56531
0.44900000983709-0.45000000983709,28.76336
0.45000000983709-0.45100000983709,25.676996
0.45100000983709-0.45200000983709,37.475125
0.45200000983709-0.45300000983709,28.050068
0.45300000983709-0.45400000983709,23.127629
0.45400000983709-0.45500000983709,23.179435
0.45500000983709-0.45600000983709,36.438065
0.45600000983709-0.45700000983709,26.477159
0.45700000983709-0.45800000983709,31.570559
0.45800000983709-0.45900000983709,29.343822
0.45900000983709-0.46000000983709,29.868696
0.46000000983709-0.46100000983709,22.56665
0.46100000983709-0.46200000983709,27.689534
0.46200000983709-0.46300000983709,26.363062
0.46300000983709-0.46400000983709,25.027692
0.46400000983709-0.46500000983709,33.448122
0.46500000983709-0.46600000983709,25.601164
0.46600000983709-0.46700000983709,25.656893
0.46700000983709-0.46800000983709,27.580118
0.46800000983709-0.46900000983709,36.542453
0.46900000983709-0.47000000983709,25.820848
0.47000000983709-0.47100000983709,27.290682
0.47100000983709-0.47200000983709,22.635619
0.47200000983709-0.47300000983709,26.46031
0.47300000983709-0.47400000983709,26.991449
0.47400000983709-0.47500000983709,23.251595
0.47500000983709-0.47600000983709,28.528064
0.47600000983709-0.47700000983709,23.346489
0.47700000983709-0.47800000983709,26.261751
0.47800000983709-0.47900000983709,28.231616
0.47900000983709-0.48000000983709,26.853075
0.48000000983709-0.48100000983709,25.947656
0.48100000983709-0.48200000983709,24.555505
0.48200000983709-0.48300000983709,23.641586
0.48300000983709-0.48400000983709,24.658081
0.48400000983709-0.48500000983709,32.950104
0.48500000983709-0.48600000983709,22.818292
0.48600000983709-0.48700000983709,16.054792
0.48700000983709-0.48800000983709,24.375429
0.48800000983709-0.48900000983709,23.448559
0.48900000983709-0.49000000983709,23.989503
0.49000000983709-0.49100000983709,24.032499
0.49100000983709-0.49200000983709,19.168179
0.49200000983709-0.49300000983709,21.672251
0.49300000983709-0.49400000983709,21.713282
0.49400000983709-0.49500000983709,24.230679
0.49500000983709-0.49600000983709,23.785103
0.49600000983709-0.49700000983709,18.867248
0.49700000983709-0.49800000983709,24.874262
0.49800000983709-0.49900000983709,24.926239
0.49900000983709-0.50000000983709,26.971329
0.50000000983709-0.50100000983709,20.020838
0.50100000983709-0.50200000983709,23.06876
0.50200000983709-0.50300000983709,18.596212
0.50300000983709-0.50400000983709,18.127821
0.50400000983709-0.50500000983709,24.215339
0.50500000983709-0.50600000983709,21.736099
0.50600000983709-0.50700000983709,18.234364
0.50700000983709-0.50800000983709,22.838917
0.50800000983709-0.50900000983709,19.830811
0.50900000983709-0.51000000983709,22.421758
0.51000000983709-0.51100000983709,18.892419
0.51100000983709-0.51200000983709,22.509578
0.51200000983709-0.51300000983709,12.813919
0.51300000983709-0.51400000983709,16.945391
0.51400000983709-0.51500000983709,17.493941
0.51500000983709-0.51600000983709,17.00988
0.51600000983709-0.51700000983709,19.625045
0.51700000983709-0.51800000983709,20.698934
0.51800000983709-0.51900000983709,23.853485
0.51900000983709-0.52000000983709,12.467578
0.52000000983709-0.52100000983709,19.778375
0.52100000983709-0.52200000983709,18.775322
0.52200000983709-0.52300000983709,16.718846
0.52300000983709-0.52400000983709,16.751429
0.52400000983709-0.52500000983709,18.883295
0.52500000983709-0.52600000983709,21.545374
0.52600000983709-0.52700000983709,17.901565
0.52700000983709-0.52800000983709,18.462207
0.52800000983709-0.52900000983709,19.030503
0.52900000983709-0.53000000983709,11.644998
0.53000000983709-0.53100000983709,22.281682
0.53100000983709-0.53200000983709,18.071008
0.53200000983709-0.53300000983709,20.234118
0.53300000983709-0.53400000983709,17.071304
0.53400000983709-0.53500000983709,15.50131
0.53500000983709-0.53600000983709,16.602023
0.53600000983709-0.53700000983709,11.269918
0.53700000983709-0.53800000983709,10.751148
0.53800000983709-0.53900000983709,9.693398
0.53900000983709-0.54000000983709,15.108811
0.54000000983709-0.54100000983709,12.97112
0.54100000983709-0.54200000983709,10.828643
0.54200000983709-0.54300000983709,16.816111
0.54300000983709-0.54400000983709,16.307208
0.54400000983709-0.54500000983709,15.247069
0.54500000983709-0.54600000983709,12.001417
0.54600000983709-0.54700000983709,11.476332
0.54700000983709-0.54800000983709,15.328584
0.54800000983709-0.54900000983709,13.71202
0.54900000983709-0.55000000983709,8.241458
0.55000000983709-0.55100000983709,11.560632
0.55100000983709-0.55200000983709,14.337634
0.55200000983709-0.55300000983709,16.576538
0.55300000983709-0.55400000983709,16.609495
0.55400000983709-0.55500000983709,11.645836
0.55500000983709-0.55600000983709,8.332003
0.55600000983709-0.55700000983709,17.252971
0.55700000983709-0.55800000983709,13.379074
0.55800000983709-0.55900000983709,12.848828
0.55900000983709-0.56000000983709,8.952614
0.56000000983709-0.56100000983709,10.089214
0.56100000983709-0.56200000983709,6.177358
0.56200000983709-0.56300000983709,13.499756
0.56300000983709-0.56400000983709,9.58108
0.56400000983709-0.56500000983709,13.547465
0.56500000983709-0.56600000983709,6.787471
0.56600000983709-0.56700000983709,11.894358
0.56700000983709-0.56800000983709,15.322682
0.56800000983709-0.56900000983709,7.959175
0.56900000983709-0.57000000983709,9.110525
0.57000000983709-0.57100000983709,16.544163
0.57100000983709-0.57200000983709,11.428193
0.57200000983709-0.57300000983709,8.587642
0.57300000983709-0.57400000983709,7.456491
0.57400000983709-0.57500000983709,12.637686
0.57500000983709-0.57600000983709,13.809081
0.57600000983709-0.57700000983709,9.222332
0.57700000983709-0.57800000983709,17.899987
0.57800000983709-0.57900000983709,9.256724
0.57900000983709-0.58000000983709,9.269935
0.58000000983709-0.58100000983709,11.610083
0.58100000983709-0.58200000983709,12.793521
0.58200000983709-0.58300000983709,12.816112
0.58300000983709-0.58400000983709,12.2533
0.58400000983709-0.58500000983709,9.35056
0.58500000983709-0.58600000983709,14.636942
0.58600000983709-0.58700000983709,19.944239
0.58700000983709-0.58800000983709,9.987254
0.58800000983709-0.58900000983709,9.416678
0.58900000983709-0.59000000983709,12.379273
0.59000000983709-0.59100000983709,8.859763
0.59100000983709-0.59200000983709,15.378155
0.59200000983709-0.59300000983709,10.665902
0.59300000983709-0.59400000983709,10.682588
0.59400000983709-0.59500000983709,10.701772
0.59500000983709-0.59600000983709,4.763786
0.59600000983709-0.59700000983709,8.352317
0.59700000983709-0.59800000983709,11.353583
0.59800000983709-0.59900000983709,13.766505
0.59900000983709-0.60000000983709,9.590821
0.60000000983709-0.60100000983709,12.612588
0.60100000983709-0.60200000983709,13.231117
0.60200000983709-0.60300000983709,12.048596
0.60300000983709-0.60400000983709,13.877448
0.60400000983709-0.60500000983709,15.110278
0.60500000983709-0.60600000983709,7.8709
0.60600000983709-0.60700000983709,12.735903
0.60700000983709-0.60800000983709,12.150679
0.60800000983709-0.60900000983709,9.736985
0.60900000983709-0.61000000983709,12.191159
0.61000000983709-0.61100000983709,11.599992
0.61100000983709-0.61200000983709,11.619682
0.61200000983709-0.61300000983709,9.798594
0.61300000983709-0.61400000983709,12.882021
0.61400000983709-0.61500000983709,11.060909
0.61500000983709-0.61600000983709,8.001463
0.61600000983709-0.61700000983709,11.714376
0.61700000983709-0.61800000983709,9.881382
0.61800000983709-0.61900000983709,16.701534
0.61900000983709-0.62000000983709,11.770981
0.62000000983709-0.62100000983709,11.168479
0.62100000983709-0.62200000983709,4.97222
0.62200000983709-0.62300000983709,9.959844
0.62300000983709-0.62400000983709,9.354246
0.62400000983709-0.62500000983709,10.616876
0.62500000983709-0.62600000983709,12.509271
0.62600000983709-0.62700000983709,13.15596
0.62700000983709-0.62800000983709,11.295257
0.62800000983709-0.62900000983709,9.427536
0.62900000983709-0.63000000983709,6.924042
0.63000000983709-0.63100000983709,11.346437
0.63100000983709-0.63200000983709,6.946763
0.63200000983709-0.63300000983709,7.589485
0.63300000983709-0.63400000983709,13.936092
0.63400000983709-0.63500000983709,10.786127
0.63500000983709-0.63600000983709,8.896987
0.63600000983709-0.63700000983709,10.820959
0.63700000983709-0.63800000983709,12.74929
0.63800000983709-0.63900000983709,7.023176
0.63900000983709-0.64000000983709,7.034325
0.64000000983709-0.64100000983709,12.170925
0.64100000983709-0.64200000983709,8.338244
0.64200000983709-0.64300000983709,10.920401
0.64300000983709-0.64400000983709,10.938069
0.64400000983709-0.64500000983709,13.537463
0.64500000983709-0.64600000983709,7.100182
0.64600000983709-0.64700000983709,11.636809
0.64700000983709-0.64800000983709,15.540383
0.64800000983709-0.64900000983709,11.674081
0.64900000983709-0.65000000983709,9.091853
0.65000000983709-0.65100000983709,9.105048
0.65100000983709-0.65200000983709,14.332765
0.65200000983709-0.65300000983709,16.314134
0.65300000983709-0.65400000983709,13.723776
0.65400000983709-0.65500000983709,11.126317
0.65500000983709-0.65600000983709,11.796916
0.65600000983709-0.65700000983709,7.877239
0.65700000983709-0.65800000983709,9.203944
0.65800000983709-0.65900000983709,9.87536
0.65900000983709-0.66000000983709,7.252226
0.66000000983709-0.66100000983709,9.247932
0.66100000983709-0.66200000983709,9.922155
0.66200000983709-0.66300000983709,9.937179
0.66300000983709-0.66400000983709,5.970968
0.66400000983709-0.66500000983709,11.296904
0.66500000983709-0.66600000983709,15.309414
0.66600000983709-0.66700000983709,11.997275
0.66700000983709-0.66800000983709,11.346329
0.66800000983709-0.66900000983709,9.358263
0.66900000983709-0.67000000983709,8.034943
0.67000000983709-0.67100000983709,8.717503
0.67100000983709-0.67200000983709,8.730106
0.67200000983709-0.67300000983709,11.431549
0.67300000983709-0.67400000983709,13.471066
0.67400000983709-0.67500000983709,8.092344
0.67500000983709-0.67600000983709,9.457515
0.67600000983709-0.67700000983709,8.79573
0.67700000983709-0.67800000983709,10.837572
0.67800000983709-0.67900000983709,6.106712
0.67900000983709-0.68000000983709,8.154649
0.68000000983709-0.68100000983709,12.250759
0.68100000983709-0.68200000983709,12.265269
0.68200000983709-0.68300000983709,9.554423
0.68300000983709-0.68400000983709,6.834196
0.68400000983709-0.68500000983709,8.213298
0.68500000983709-0.68600000983709,6.855861
0.68600000983709-0.68700000983709,9.611945
0.68700000983709-0.68800000983709,6.874313
0.68800000983709-0.68900000983709,10.328264
0.68900000983709-0.69000000983709,12.410494
0.69000000983709-0.69100000983709,14.500472
0.69100000983709-0.69200000983709,9.681242
0.69200000983709-0.69300000983709,6.233068
0.69300000983709-0.69400000983709,6.934491
0.69400000983709-0.69500000983709,9.72224
0.69500000983709-0.69600000983709,6.260597
0.69600000983709-0.69700000983709,9.749253
0.69700000983709-0.69800000983709,9.766418
0.69800000983709-0.69900000983709,8.382204
0.69900000983709-0.70000000983709,6.993234
0.70000000983709-0.70100000983709,11.206473
0.70100000983709-0.70200000983709,8.419007
0.70200000983709-0.70300000983709,16.157984
0.70300000983709-0.70400000983709,14.773296
0.70400000983709-0.70500000983709,7.748677
0.70500000983709-0.70600000983709,6.350895
0.70600000983709-0.70700000983709,7.064704
0.70700000983709-0.70800000983709,14.857318
0.70800000983709-0.70900000983709,8.502222
0.70900000983709-0.71000000983709,8.514602
0.71000000983709-0.71100000983709,5.684929
0.71100000983709-0.71200000983709,10.671834
0.71200000983709-0.71300000983709,4.987218
0.71300000983709-0.71400000983709,7.134072
0.71400000983709-0.71500000983709,9.288285
0.71500000983709-0.71600000983709,7.869444
0.71600000983709-0.71700000983709,6.447593
0.71700000983709-0.71800000983709,9.326642
0.71800000983709-0.71900000983709,10.777369
0.71900000983709-0.72000000983709,5.755548
0.72000000983709-0.72100000983709,7.927077
0.72100000983709-0.72200000983709,8.659466
0.72200000983709-0.72300000983709,9.395142
0.72300000983709-0.72400000983709,6.512004
0.72400000983709-0.72500000983709,11.591618
0.72500000983709-0.72600000983709,8.705982
0.72600000983709-0.72700000983709,12.349647
0.72700000983709-0.72800000983709,7.275823
0.72800000983709-0.72900000983709,8.013023
0.72900000983709-0.73000000983709,8.024191
0.73000000983709-0.73100000983709,5.843836
0.73100000983709-0.73200000983709,8.777254
0.73200000983709-0.73300000983709,5.128466
0.73300000983709-0.73400000983709,9.536161
0.73400000983709-0.73500000983709,6.608488
0.73500000983709-0.73600000983709,9.560824
0.73600000983709-0.73700000983709,5.156175
0.73700000983709-0.73800000983709,10.326238
0.73800000983709-0.73900000983709,8.123052
0.73900000983709-0.74000000983709,8.874306
0.74000000983709-0.74100000983709,11.846035
0.74100000983709-0.74200000983709,12.606242
0.74200000983709-0.74300000983709,4.455441
0.74300000983709-0.74400000983709,6.690772
0.74400000983709-0.74500000983709,9.678394
0.74500000983709-0.74600000983709,6.70897
0.74600000983709-0.74700000983709,10.450874
0.74700000983709-0.74800000983709,8.971373
0.74800000983709-0.74900000983709,5.239881
0.74900000983709-0.75000000983709,3.74706
0.75000000983709-0.75100000983709,5.253141
0.75100000983709-0.75200000983709,9.769451
0.75200000983709-0.75300000983709,9.029508
0.75300000983709-0.75400000983709,3.7669
0.75400000983709-0.75500000983709,8.300705
0.75500000983709-0.75600000983709,8.309165
0.75600000983709-0.75700000983709,8.32209
0.75700000983709-0.75800000983709,9.091965
0.75800000983709-0.75900000983709,6.067987
0.75900000983709-0.76000000983709,6.076724
0.76000000983709-0.76100000983709,11.408396
0.76100000983709-0.76200000983709,7.614577
0.76200000983709-0.76300000983709,6.863301
0.76300000983709-0.76400000983709,8.400668
0.76400000983709-0.76500000983709,9.175101
0.76500000983709-0.76600000983709,8.420467
0.76600000983709-0.76700000983709,6.130945
0.76700000983709-0.76800000983709,3.837451
0.76800000983709-0.76900000983709,9.222078
0.76900000983709-0.77000000983709,14.620508
0.77000000983709-0.77100000983709,9.248368
0.77100000983709-0.77200000983709,3.086651
0.77200000983709-0.77300000983709,4.635265
0.77300000983709-0.77400000983709,9.280214
0.77400000983709-0.77500000983709,12.393446
0.77500000983709-0.77600000983709,10.080448
0.77600000983709-0.77700000983709,13.201519
0.77700000983709-0.77800000983709,5.44284
0.77800000983709-0.77900000983709,8.563496
0.77900000983709-0.78000000983709,10.134294
0.78000000983709-0.78100000983709,7.024084
0.78100000983709-0.78200000983709,2.344378
0.78200000983709-0.78300000983709,7.042336
0.78300000983709-0.78400000983709,8.617027
0.78400000983709-0.78500000983709,2.353146
0.78500000983709-0.78600000983709,4.714345
0.78600000983709-0.78700000983709,5.506822
0.78700000983709-0.78800000983709,6.300581
0.78800000983709-0.78900000983709,8.673695
0.78900000983709-0.79000000983709,10.262332
0.79000000983709-0.79100000983709,8.695417
0.79100000983709-0.79200000983709,11.081075
0.79200000983709-0.79300000983709,8.717637
0.79300000983709-0.79400000983709,5.555007
0.79400000983709-0.79500000983709,3.179223
0.79500000983709-0.79600000983709,8.75058
0.79600000983709-0.79700000983709,4.77953
0.79700000983709-0.79800000983709,9.568832
0.79800000983709-0.79900000983709,6.3872
0.79900000983709-0.80000000983709,8.795112
0.80000000983709-0.80100000983709,4.002372
0.80100000983709-0.80200000983709,11.221262
0.80200000983709-0.80300000983709,5.616142
0.80300000983709-0.80400000983709,8.838669
0.80400000983709-0.80500000983709,7.240276
0.80500000983709-0.80600000983709,5.639534
0.80600000983709-0.80700000983709,9.677272
0.80700000983709-0.80800000983709,8.075387
0.80800000983709-0.80900000983709,4.041847
0.80900000983709-0.81000000983709,8.094587
0.81000000983709-0.81100000983709,6.484565
0.81100000983709-0.81200000983709,7.304947
0.81200000983709-0.81300000983709,13.812614
0.81300000983709-0.81400000983709,7.322507
0.81400000983709-0.81500000983709,5.702017
0.81500000983709-0.81600000983709,8.971809
0.81600000983709-0.81700000983709,3.265555
0.81700000983709-0.81800000983709,6.540076
0.81800000983709-0.81900000983709,11.458737
0.81900000983709-0.82000000983709,7.374118
0.82000000983709-0.82100000983709,6.564145
0.82100000983709-0.82200000983709,7.392561
0.82200000983709-0.82300000983709,4.933537
0.82300000983709-0.82400000983709,6.588275
0.82400000983709-0.82500000983709,7.419521
0.82500000983709-0.82600000983709,4.952819
0.82600000983709-0.82700000983709,9.09233
0.82700000983709-0.82800000983709,10.757109
0.82800000983709-0.82900000983709,6.628745
0.82900000983709-0.83000000983709,11.613434
0.83000000983709-0.83100000983709,9.965558
0.83100000983709-0.83200000983709,4.15732
0.83200000983709-0.83300000983709,5.827993
0.83300000983709-0.83400000983709,10.832599
0.83400000983709-0.83500000983709,5.840976
0.83500000983709-0.83600000983709,5.014071
0.83600000983709-0.83700000983709,6.692011
0.83700000983709-0.83800000983709,9.213739
0.83800000983709-0.83900000983709,7.546202
0.83900000983709-0.84000000983709,7.555717
0.84000000983709-0.84100000983709,10.086646
0.84100000983709-0.84200000983709,9.255747
0.84200000983709-0.84300000983709,6.739692
0.84300000983709-0.84400000983709,7.590856
0.84400000983709-0.84500000983709,7.599708
0.84500000983709-0.84600000983709,5.918416
0.84600000983709-0.84700000983709,6.771491
0.84700000983709-0.84800000983709,8.473897
0.84800000983709-0.84900000983709,6.789829
0.84900000983709-0.85000000983709,11.891125
0.85000000983709-0.85100000983709,5.101679
0.85100000983709-0.85200000983709,5.960334
0.85200000983709-0.85300000983709,10.229752
0.85300000983709-0.85400000983709,8.534451
0.85400000983709-0.85500000983709,9.399482
0.85500000983709-0.85600000983709,9.411751
0.85600000983709-0.85700000983709,9.42293
0.85700000983709-0.85800000983709,5.143624
0.85800000983709-0.85900000983709,9.442742
0.85900000983709-0.86000000983709,10.314063
0.86000000983709-0.86100000983709,6.884166
0.86100000983709-0.86200000983709,6.031016
0.86200000983709-0.86300000983709,7.763216
0.86300000983709-0.86400000983709,11.226006
0.86400000983709-0.86500000983709,10.374452
0.86500000983709-0.86600000983709,6.058635
0.86600000983709-0.86700000983709,7.798009
0.86700000983709-0.86800000983709,7.806847
0.86800000983709-0.86900000983709,10.421009
0.86900000983709-0.87000000983709,12.174685
0.87000000983709-0.87100000983709,9.575198
0.87100000983709-0.87200000983709,5.228333
0.87200000983709-0.87300000983709,4.362502
0.87300000983709-0.87400000983709,7.860053
0.87400000983709-0.87500000983709,6.121972
0.87500000983709-0.87600000983709,9.630456
0.87600000983709-0.87700000983709,8.763832
0.87700000983709-0.87800000983709,6.142424
0.87800000983709-0.87900000983709,5.271946
0.87900000983709-0.88000000983709,7.915731
0.88000000983709-0.88100000983709,7.043814
0.88100000983709-0.88200000983709,7.933094
0.88200000983709-0.88300000983709,5.2942
0.88300000983709-0.88400000983709,6.184093
0.88400000983709-0.88500000983709,6.191802
0.88500000983709-0.88600000983709,11.513392
0.88600000983709-0.88700000983709,5.32022
0.88700000983709-0.88800000983709,8.874054
0.88800000983709-0.88900000983709,7.997213
0.88900000983709-0.89000000983709,6.226688
0.89000000983709-0.89100000983709,6.232701
0.89100000983709-0.89200000983709,4.456693
0.89200000983709-0.89300000983709,9.818345
0.89300000983709-0.89400000983709,7.147494
0.89400000983709-0.89500000983709,6.260881
0.89500000983709-0.89600000983709,4.477152
0.89600000983709-0.89700000983709,7.171921
0.89700000983709-0.89800000983709,6.28194
0.89800000983709-0.89900000983709,7.189089
0.89900000983709-0.90000000983709,5.396339
0.90000000983709-0.90100000983709,5.402413
0.90100000983709-0.90200000983709,7.211551
0.90200000983709-0.90300000983709,8.121818
0.90300000983709-0.90400000983709,2.711253
0.90400000983709-0.90500000983709,9.947669
0.90500000983709-0.90600000983709,6.337688
0.90600000983709-0.90700000983709,9.066957
0.90700000983709-0.90800000983709,5.445805
0.90800000983709-0.90900000983709,7.267369
0.90900000983709-0.91000000983709,7.275724
0.91000000983709-0.91100000983709,5.463096
0.91100000983709-0.91200000983709,5.469374
0.91200000983709-0.91300000983709,6.387501
0.91300000983709-0.91400000983709,10.051117
0.91400000983709-0.91500000983709,8.230049
0.91500000983709-0.91600000983709,5.492372
0.91600000983709-0.91700000983709,3.666479
0.91700000983709-0.91800000983709,8.256449
0.91800000983709-0.91900000983709,5.511375
0.91900000983709-0.92000000983709,7.357459
0.92000000983709-0.92100000983709,9.204959
0.92100000983709-0.92200000983709,5.528005
0.92200000983709-0.92300000983709,7.379563
0.92300000983709-0.92400000983709,6.465398
0.92400000983709-0.92500000983709,5.546311
0.92500000983709-0.92600000983709,7.404272
0.92600000983709-0.92700000983709,8.338954
0.92700000983709-0.92800000983709,6.493394
0.92800000983709-0.92900000983709,2.7858
0.92900000983709-0.93000000983709,4.647754
0.93000000983709-0.93100000983709,10.23481
0.93100000983709-0.93200000983709,7.453559
0.93200000983709-0.93300000983709,4.661816
0.93300000983709-0.93400000983709,5.601749
0.93400000983709-0.93500000983709,5.607537
0.93500000983709-0.93600000983709,13.096083
0.93600000983709-0.93700000983709,6.553925
0.93700000983709-0.93800000983709,9.375253
0.93800000983709-0.93900000983709,6.568825
0.93900000983709-0.94000000983709,2.819415
0.94000000983709-0.94100000983709,8.465241
0.94100000983709-0.94200000983709,8.473401
0.94200000983709-0.94300000983709,4.7125
0.94300000983709-0.94400000983709,8.491121
0.94400000983709-0.94500000983709,2.833381
0.94500000983709-0.94600000983709,13.236055
0.94600000983709-0.94700000983709,5.679001
0.94700000983709-0.94800000983709,6.631815
0.94800000983709-0.94900000983709,3.794448
0.94900000983709-0.95000000983709,6.646511
0.95000000983709-0.95100000983709,7.60406
0.95100000983709-0.95200000983709,9.515696
0.95200000983709-0.95300000983709,5.714499
0.95300000983709-0.95400000983709,5.721413
0.95400000983709-0.95500000983709,5.72796
0.95500000983709-0.95600000983709,4.77748
0.95600000983709-0.95700000983709,8.607421
0.95700000983709-0.95800000983709,7.658886
0.95800000983709-0.95900000983709,6.709198
0.95900000983709-0.96000000983709,5.757383
0.96000000983709-0.96100000983709,7.683882
0.96100000983709-0.96200000983709,5.767736
0.96200000983709-0.96300000983709,6.737672
0.96300000983709-0.96400000983709,3.854955
0.96400000983709-0.96500000983709,6.751868
0.96500000983709-0.96600000983709,4.827165
0.96600000983709-0.96700000983709,9.665199
0.96700000983709-0.96800000983709,6.770746
0.96800000983709-0.96900000983709,6.780324
0.96900000983709-0.97000000983709,17.448844
0.97000000983709-0.97100000983709,7.76424
0.97100000983709-0.97200000983709,8.743077
0.97200000983709-0.97300000983709,10.697391
0.97300000983709-0.97400000983709,4.867119
0.97400000983709-0.97500000983709,4.872229
0.97500000983709-0.97600000983709,5.853528
0.97600000983709-0.97700000983709,2.92993
0.97700000983709-0.97800000983709,6.842861
0.97800000983709-0.97900000983709,8.807376
0.97900000983709-0.98000000983709,3.918358
0.98000000983709-0.98100000983709,5.882238
0.98100000983709-0.98200000983709,5.88882
0.98200000983709-0.98300000983709,5.894559
0.98300000983709-0.98400000983709,7.869103
0.98400000983709-0.98500000983709,9.843853
0.98500000983709-0.98600000983709,1.970256
0.98600000983709-0.98700000983709,6.90474
0.98700000983709-0.98800000983709,7.899165
0.98800000983709-0.98900000983709,3.954442
0.98900000983709-0.99000000983709,10.885065
0.99000000983709-0.99100000983709,5.944125
0.99100000983709-0.99200000983709,2.97366
0.99200000983709-0.99300000983709,6.946183
0.99300000983709-0.99400000983709,9.935238
0.99400000983709-0.99500000983709,6.961429
0.99500000983709-0.99600000983709,7.964644
0.99600000983709-0.99700000983709,8.967478
0.99700000983709-0.99800000983709,8.976267
0.99800000983709-0.99900000983709,9.985328
0.99900000983709-1.00000000983709,5.996808
>1.00000000983709,825743.0823
Grand Total,869208.1118
